beta,gamma,dbeta,dgamma
3.52812,18.5861,0.00587825,0.0435330
3.92835,21.2481,0.00654507,0.0274628
4.24333,23.0829,0.00814423,0.0599561
4.76512,26.0622,0.0110531,0.0799265
5.09665,28.2383,0.0392476,0.0539757
5.77821,31.5061,0.0739480,0.0880129
6.22748,33.8446,0.0493626,0.0437435
6.64783,37.2870,0.184926,0.117466
7.14866,40.9301,0.200528,0.260797
7.39783,42.4423,0.0684595,0.181467
